age,gender,polyuria,polydipsia,sudden_weight_loss,weakness,polyphagia,genital_thrush,visual_blurring,obesity,class
-0.28535464268808614,1,0,0,0,1,0,0,0,0,0
0.7629456762871533,1,1,1,1,1,1,0,1,0,1
-0.7221464422611025,1,0,0,1,0,0,0,0,1,0
0.5008705965433434,1,0,0,0,0,0,1,0,1,1
1.7238876353477892,0,1,1,0,1,1,0,1,0,1
-0.9842215220049123,1,0,0,0,0,0,0,0,0,0
1.025020756030963,1,1,0,0,0,0,0,1,0,1
-1.158938241834119,0,0,0,0,0,0,0,0,0,1
-1.158938241834119,0,0,0,0,0,0,0,0,0,1
-0.28535464268808614,1,0,0,0,0,1,1,0,0,0
-1.158938241834119,0,0,0,0,0,0,0,0,0,1
0.5882289564579467,0,1,1,1,0,1,0,0,0,1
1.5491709155185827,1,1,1,0,1,0,1,0,0,1
0.4135122366287401,1,0,0,0,1,0,0,1,0,0
-0.7221464422611025,1,0,0,1,0,0,0,0,1,0
-1.158938241834119,0,1,1,1,1,1,0,1,1,1
-0.4600713625172927,1,0,0,0,1,0,1,0,0,0
-0.3727130026026894,1,1,0,1,1,0,1,0,1,0
1.1997374758601695,0,1,1,1,1,0,0,1,1,1
-0.3727130026026894,1,1,0,1,1,0,1,0,1,0
0.5882289564579467,1,1,1,1,1,0,1,0,0,1
3.208979753896045,1,1,1,1,1,1,1,1,0,1
0.8503040362017565,0,1,0,1,0,1,0,0,1,1
-1.158938241834119,1,0,0,0,0,0,0,0,0,0
0.4135122366287401,1,1,1,1,1,1,0,1,0,1
-0.896863162090309,1,0,1,0,0,0,1,0,0,1
-0.11063792285887958,0,0,0,1,1,1,0,0,0,1
-1.158938241834119,0,1,1,1,1,1,0,0,0,1
1.7238876353477892,0,1,1,1,0,1,1,1,0,1
1.4618125556039794,0,0,0,0,1,0,0,0,0,0
1.8986043551769958,1,1,0,1,1,1,1,0,0,1
1.025020756030963,1,1,0,0,0,0,0,1,0,1
-0.4600713625172927,1,0,0,0,0,0,0,0,0,0
1.1123791159455663,1,1,1,1,1,1,1,1,1,1
-0.11063792285887958,1,1,1,0,0,0,0,0,0,1
-0.3727130026026894,1,1,0,1,1,0,1,0,1,0
1.7238876353477892,1,1,1,0,0,1,0,1,0,1
-0.5474297224318959,1,0,0,0,1,1,0,0,0,1
-1.5957300414071354,0,1,1,0,0,0,0,0,0,1
-0.28535464268808614,1,0,0,1,1,1,1,0,0,1
-0.28535464268808614,1,1,1,0,1,0,1,0,0,1
-0.4600713625172927,0,1,1,1,1,1,0,1,1,1
-0.9842215220049123,1,0,0,0,0,0,0,0,0,0
0.4135122366287401,1,0,0,0,1,1,0,1,0,0
-0.0232795629442763,1,1,1,1,0,1,1,0,0,1
0.8503040362017565,1,0,0,0,0,1,0,0,1,0
-0.5474297224318959,1,0,0,0,1,1,0,0,0,1
0.23879551679953354,0,0,0,0,0,0,1,0,0,0
1.374454195689376,1,0,0,0,1,1,0,1,0,0
-1.5957300414071354,0,1,0,1,1,1,0,0,0,1
1.025020756030963,0,1,1,1,1,1,0,1,1,1
-0.7221464422611025,0,1,1,0,1,1,0,0,0,1
-0.19799628277348286,0,1,0,1,1,0,0,1,0,1
1.5491709155185827,1,1,1,1,1,0,0,1,0,1
-0.4600713625172927,1,1,1,1,1,0,1,0,0,1
0.5882289564579467,1,1,1,0,1,1,0,1,1,1
1.1123791159455663,0,1,0,0,0,1,0,0,0,1
-0.896863162090309,0,1,1,1,1,1,0,1,0,1
0.7629456762871533,1,1,1,0,1,1,1,0,0,1
-0.4600713625172927,1,0,0,0,1,0,1,0,0,0
0.3261538767141368,1,0,0,0,1,1,0,0,0,0
-1.770446761236342,1,0,0,1,0,0,0,0,0,0
1.2870958357747728,1,1,1,1,1,1,0,1,1,1
0.5882289564579467,0,1,1,1,1,0,0,1,1,1
0.4135122366287401,0,0,0,0,0,1,0,1,0,1
-0.11063792285887958,1,0,0,0,0,0,0,0,0,0
-0.896863162090309,1,0,0,0,0,0,0,0,0,0
-0.7221464422611025,1,0,1,1,1,0,0,1,0,0
-0.0232795629442763,0,1,1,1,1,1,0,1,0,1
0.7629456762871533,1,0,0,0,0,1,0,1,0,0
0.8503040362017565,1,1,1,1,1,1,0,1,1,1
0.3261538767141368,1,1,1,1,1,1,0,1,0,1
-1.158938241834119,1,1,1,1,1,0,0,0,0,1
-0.0232795629442763,0,1,1,1,1,1,0,0,0,1
-0.7221464422611025,1,0,0,0,1,0,0,0,0,0
-0.3727130026026894,1,1,1,0,1,0,1,0,0,1
1.025020756030963,1,0,0,0,1,0,0,0,0,0
-0.9842215220049123,1,0,0,0,0,0,0,0,0,0
0.06407879697032698,1,0,1,0,0,0,0,0,1,0
1.7238876353477892,0,1,1,0,1,1,0,1,0,1
-1.8578051211509452,1,0,0,0,0,0,0,0,0,0
0.5008705965433434,1,1,1,1,1,0,1,0,0,1
0.5008705965433434,1,0,0,1,1,0,1,0,0,0
0.15143715688493026,0,1,1,1,0,1,0,0,0,1
-1.158938241834119,0,1,1,0,1,0,0,1,0,1
0.67558731637255,0,1,1,0,1,0,0,1,0,1
-0.7221464422611025,0,0,0,1,1,0,0,0,0,1
0.5882289564579467,0,1,1,0,1,1,0,1,0,1
-0.896863162090309,1,1,0,1,1,0,0,0,0,1
-1.2462966017487223,1,0,0,0,0,0,0,0,0,0
1.8112459952623925,0,1,1,1,1,0,0,1,1,1
-0.28535464268808614,0,0,0,0,0,1,0,1,0,1
0.15143715688493026,0,1,1,1,0,1,0,0,0,1
-0.4600713625172927,1,1,0,0,0,1,0,0,0,1
-1.8578051211509452,1,0,0,0,0,0,0,0,0,0
-1.5957300414071354,1,0,0,1,1,0,0,0,0,0
1.636529275433186,1,1,0,0,1,1,0,1,1,0
-0.19799628277348286,1,0,0,0,1,0,0,0,0,0
0.5008705965433434,1,1,1,1,1,0,0,1,0,1
-0.9842215220049123,1,0,0,0,1,0,0,0,0,1
-0.4600713625172927,0,1,1,1,1,1,0,1,1,1
1.8986043551769958,1,0,1,1,1,1,0,1,0,1
0.15143715688493026,0,1,1,1,1,1,0,1,1,1
-0.28535464268808614,0,0,0,0,0,1,0,1,0,1
1.1997374758601695,1,1,1,0,0,1,0,1,0,1
-0.19799628277348286,1,0,0,0,1,0,0,0,0,0
-1.770446761236342,0,0,0,0,0,0,0,1,0,1
1.374454195689376,1,0,1,0,0,0,0,0,0,1
-0.896863162090309,1,0,0,0,0,0,0,0,0,0
1.2870958357747728,1,1,1,1,1,1,0,1,1,1
0.5008705965433434,1,1,1,1,1,1,1,1,0,1
-1.770446761236342,1,0,0,1,0,0,0,0,0,0
0.5882289564579467,1,1,1,1,1,0,1,0,0,1
-0.7221464422611025,0,1,1,1,1,0,0,1,0,1
1.1123791159455663,0,1,0,0,0,1,0,0,0,1
-0.8095048021757058,0,1,1,1,1,1,0,0,0,1
-0.9842215220049123,1,0,0,0,1,0,0,0,0,1
-0.4600713625172927,0,1,1,1,1,1,0,1,1,1
-1.158938241834119,0,0,1,1,1,0,0,0,0,1
0.06407879697032698,1,1,1,1,0,0,0,0,0,1
-0.7221464422611025,1,1,0,0,0,0,1,0,0,1
-1.5957300414071354,1,0,0,0,0,0,0,0,0,0
0.15143715688493026,0,0,1,0,1,1,0,1,0,1
0.5882289564579467,0,1,1,1,1,0,0,1,1,1
0.06407879697032698,0,0,0,1,1,0,0,0,1,1
-1.158938241834119,1,1,0,1,0,0,0,0,0,1
-0.8095048021757058,1,0,0,0,1,0,1,0,0,0
-1.8578051211509452,1,0,0,0,0,0,0,0,0,0
0.7629456762871533,1,1,1,1,1,1,0,1,0,1
-1.3336549616633255,1,0,1,0,0,0,0,0,0,1
-0.0232795629442763,0,1,1,1,1,1,0,0,0,1
0.5008705965433434,1,0,0,0,1,0,0,0,0,0
0.06407879697032698,1,1,1,0,1,0,0,1,0,1
0.3261538767141368,1,1,1,1,1,1,0,1,0,1
0.5882289564579467,0,1,1,1,0,1,0,0,0,1
2.6848295944084253,1,0,1,1,1,1,1,0,0,1
0.67558731637255,1,1,0,1,1,0,1,0,0,1
-0.28535464268808614,0,0,0,0,0,1,0,1,0,1
0.4135122366287401,0,0,1,1,0,1,1,1,0,1
0.8503040362017565,1,0,1,0,0,0,0,1,0,0
1.636529275433186,1,1,0,0,1,1,0,1,1,0
-1.158938241834119,0,1,1,0,1,0,0,1,0,1
1.025020756030963,1,1,1,1,1,1,0,1,1,1
-1.158938241834119,1,1,0,1,0,0,0,0,0,1
1.636529275433186,1,0,1,0,1,1,0,1,1,1
0.23879551679953354,0,0,0,0,0,0,1,0,0,0
0.5882289564579467,1,1,1,1,1,0,1,0,0,1
0.67558731637255,1,0,0,1,1,1,0,1,0,0
1.1997374758601695,1,1,0,0,1,0,1,1,1,1
1.1997374758601695,1,1,1,0,1,1,0,1,0,1
-1.158938241834119,0,1,1,0,1,0,0,1,0,1
-1.5957300414071354,1,0,0,0,0,0,0,0,0,0
0.4135122366287401,1,0,0,0,1,1,0,1,0,0
-0.896863162090309,0,1,1,1,1,1,0,0,0,1
-0.11063792285887958,1,0,0,0,0,0,0,0,0,0
1.025020756030963,1,0,0,0,1,0,0,0,0,0
-0.896863162090309,1,0,0,0,0,0,0,0,0,0
-1.508371681492532,0,1,1,1,1,1,0,0,0,1
-0.0232795629442763,0,1,1,1,1,1,0,1,0,1
-0.7221464422611025,0,1,1,1,1,0,0,1,0,1
1.374454195689376,1,0,0,0,1,1,0,1,0,0
-0.4600713625172927,1,0,0,0,1,0,1,0,0,0
-0.0232795629442763,0,1,1,0,1,0,0,1,0,1
1.5491709155185827,0,1,1,1,1,1,1,1,0,1
0.5008705965433434,0,1,1,1,1,1,0,0,0,1
0.15143715688493026,0,1,1,1,1,1,0,0,0,1
-0.7221464422611025,0,1,1,1,1,0,0,1,0,1
-0.5474297224318959,1,0,0,0,0,0,0,0,0,0
-0.28535464268808614,0,0,0,0,0,0,0,1,0,1
-1.8578051211509452,1,0,0,0,0,0,0,0,0,0
1.5491709155185827,1,0,0,0,1,0,1,1,0,1
0.5882289564579467,0,1,1,1,0,1,0,0,0,1
1.4618125556039794,1,1,0,0,0,0,0,1,1,0
-0.896863162090309,1,1,0,0,0,0,1,0,1,1
-0.7221464422611025,0,1,0,1,0,1,0,0,0,1
1.7238876353477892,0,1,1,0,1,1,0,1,0,1
-0.0232795629442763,0,1,1,1,0,1,1,0,1,1
-0.896863162090309,0,1,1,1,1,1,0,1,0,1
-1.4210133215779288,1,0,1,0,1,1,1,0,0,1
-0.0232795629442763,0,1,1,1,1,1,0,0,0,1
-0.896863162090309,1,0,0,0,0,0,0,0,0,0
-0.28535464268808614,1,0,0,0,0,1,1,0,0,0
-1.158938241834119,0,0,0,0,0,0,0,0,0,1
0.15143715688493026,0,1,1,0,1,1,0,0,0,1
-0.896863162090309,1,0,0,0,0,0,0,0,0,0
-1.3336549616633255,1,0,1,0,0,0,0,0,0,1
0.4135122366287401,1,0,0,0,1,1,0,1,0,0
1.636529275433186,1,0,0,0,1,0,0,0,0,0
-0.19799628277348286,1,0,0,0,1,0,0,0,0,0
0.3261538767141368,1,1,1,1,0,1,1,1,1,1
1.636529275433186,1,1,1,0,1,1,1,0,1,1
-0.19799628277348286,1,0,0,0,1,0,0,0,0,0
-0.896863162090309,0,0,0,0,0,0,0,0,1,1
-0.19799628277348286,1,0,0,0,1,0,0,0,0,0
0.4135122366287401,1,1,1,1,1,1,0,1,0,1
-0.0232795629442763,0,0,0,1,1,0,0,1,0,1
-0.4600713625172927,0,1,1,1,1,1,0,1,1,1
-1.158938241834119,0,0,1,1,1,1,0,0,0,1
-0.896863162090309,1,0,0,0,0,0,0,0,0,0
-0.28535464268808614,0,0,0,0,0,1,0,1,0,1
-0.11063792285887958,1,0,0,0,0,0,0,0,0,0
0.15143715688493026,1,0,0,0,1,0,0,0,0,0
2.0733210750062026,1,1,0,0,0,1,0,1,0,0
-0.0232795629442763,1,1,1,1,0,1,1,0,0,1
-1.158938241834119,1,1,0,0,0,1,1,0,0,1
-1.3336549616633255,0,0,0,0,0,0,0,0,0,0
-0.11063792285887958,1,1,0,1,1,1,0,0,0,1
-0.3727130026026894,1,1,0,1,1,0,1,0,1,0
1.1123791159455663,1,1,0,0,1,1,1,1,0,1
1.5491709155185827,1,1,0,1,0,0,1,0,0,1
-0.11063792285887958,0,0,0,1,1,1,0,0,0,1
-0.0232795629442763,0,1,1,1,1,1,0,0,0,1
0.7629456762871533,1,1,0,0,1,1,0,0,0,1
-1.5957300414071354,1,0,0,0,0,0,0,0,0,0
1.025020756030963,0,0,1,1,1,1,1,1,0,1
0.5882289564579467,0,1,1,1,1,0,0,1,1,1
-0.8095048021757058,0,1,1,1,1,1,0,0,0,1
-1.5957300414071354,0,1,0,1,1,1,0,0,0,1
0.4135122366287401,1,0,0,0,1,0,0,1,0,0
-0.4600713625172927,0,1,1,1,1,1,0,1,1,1
1.7238876353477892,1,0,0,0,1,1,0,1,0,0
0.8503040362017565,0,1,0,1,0,1,0,0,1,1
1.8986043551769958,1,1,0,1,1,1,1,0,0,1
0.5008705965433434,1,0,0,0,1,0,0,0,0,0
-1.158938241834119,0,0,0,0,0,0,0,0,0,1
-0.0232795629442763,1,1,1,0,1,0,1,1,0,1
-0.7221464422611025,0,1,1,1,1,0,0,1,0,1
-1.5957300414071354,1,0,0,0,0,0,0,0,0,0
0.15143715688493026,0,0,1,0,1,1,0,1,0,1
1.636529275433186,1,0,1,0,1,1,0,1,1,1
-1.158938241834119,0,1,1,1,1,1,0,1,0,1
-0.0232795629442763,1,0,1,1,1,0,0,1,0,1
2.0733210750062026,1,1,0,0,0,1,0,1,0,0
0.67558731637255,1,0,0,1,1,1,0,1,0,0
-0.0232795629442763,1,1,1,0,1,0,1,1,0,1
2.0733210750062026,1,1,0,0,0,1,0,1,0,0
0.5882289564579467,0,1,1,1,1,0,0,1,1,1
-0.896863162090309,1,1,0,0,0,0,1,0,1,1
-1.770446761236342,0,0,0,0,0,0,0,1,0,1
0.8503040362017565,1,0,0,0,1,0,0,0,0,0
1.025020756030963,1,1,0,0,0,0,0,1,0,1
0.5008705965433434,1,0,0,0,0,0,0,0,0,0
-0.7221464422611025,1,0,0,1,0,0,0,0,1,0
-1.5957300414071354,1,0,0,0,0,0,0,0,0,0
0.8503040362017565,1,0,1,0,0,0,0,1,0,0
0.8503040362017565,1,0,0,0,0,1,0,0,1,0
0.15143715688493026,0,0,0,0,1,0,0,1,0,0
-0.7221464422611025,1,0,1,0,1,1,0,0,1,1
0.15143715688493026,0,0,0,0,1,0,0,1,0,0
0.9376623961163598,0,0,0,0,1,0,0,1,1,0
1.1997374758601695,1,1,0,0,1,0,1,1,1,1
-0.11063792285887958,1,1,1,1,1,1,1,1,0,1
-0.0232795629442763,0,1,1,1,1,1,0,1,0,1
-0.28535464268808614,1,0,0,0,0,1,1,0,0,0
-0.896863162090309,1,1,1,0,0,1,1,0,0,1
1.8112459952623925,0,1,0,1,1,1,1,1,0,1
-0.4600713625172927,0,1,1,1,1,1,0,1,1,1
0.5882289564579467,1,1,1,1,1,1,0,1,0,1
-1.8578051211509452,1,0,0,0,0,0,0,0,0,0
-0.28535464268808614,1,0,0,0,1,0,0,0,0,0
0.23879551679953354,0,0,0,0,0,0,0,1,0,1
1.025020756030963,1,0,0,0,1,0,0,0,0,0
-1.8578051211509452,1,0,0,0,0,0,0,0,0,0
1.7238876353477892,0,1,1,0,1,1,0,1,0,1
-0.4600713625172927,1,1,1,1,1,0,1,0,0,1
-0.11063792285887958,1,0,0,0,0,0,0,0,0,0
-0.7221464422611025,0,1,1,1,1,0,0,1,0,1
0.4135122366287401,0,0,1,1,0,1,1,1,0,1
0.5008705965433434,1,1,1,1,1,0,0,1,0,1
0.4135122366287401,1,0,0,0,1,1,0,1,0,0
1.4618125556039794,0,1,1,0,1,1,0,0,0,1
-0.4600713625172927,1,0,0,0,1,0,1,0,0,0
-0.8095048021757058,0,1,1,0,0,1,0,1,0,1
-0.0232795629442763,1,1,1,0,1,0,1,1,0,1
0.67558731637255,1,0,0,1,1,1,0,1,0,0
-0.0232795629442763,0,1,1,1,0,1,1,0,1,1
-1.158938241834119,1,0,0,1,1,0,1,0,0,0
0.9376623961163598,0,0,0,0,1,0,0,1,1,0
-0.0232795629442763,0,1,1,1,1,1,0,1,0,1
-0.19799628277348286,1,0,0,0,1,0,0,0,0,0
0.7629456762871533,1,0,0,0,0,1,0,1,0,0
-0.4600713625172927,1,0,0,0,1,0,1,0,0,0
-1.5957300414071354,1,0,0,0,0,0,0,0,0,0
-1.5957300414071354,1,0,0,0,0,0,0,0,0,0
-0.4600713625172927,1,0,0,0,1,0,1,0,0,0
0.06407879697032698,1,1,1,0,1,0,0,1,0,1
-0.11063792285887958,1,0,1,0,0,0,0,1,1,1
1.025020756030963,1,0,0,1,0,0,0,0,1,0
-1.0715798819195157,1,0,0,0,0,0,0,0,0,0
-0.0232795629442763,1,1,1,0,1,1,0,0,0,1
0.5882289564579467,0,1,0,1,0,0,1,1,0,1
-0.8095048021757058,0,1,1,1,1,1,0,0,0,1
-0.4600713625172927,1,0,0,0,1,0,1,0,0,0
0.5008705965433434,1,0,0,1,1,0,1,0,0,0
0.9376623961163598,0,0,0,0,0,0,0,0,0,1
0.15143715688493026,0,1,1,0,1,1,0,0,0,1
1.025020756030963,0,1,1,1,1,1,0,1,0,1
0.5882289564579467,0,0,0,0,1,0,1,0,0,0
-0.4600713625172927,1,0,0,0,1,0,1,0,0,0
0.5882289564579467,0,1,1,1,0,1,0,0,0,1
-0.896863162090309,1,0,0,0,0,0,0,0,0,0
-0.11063792285887958,1,0,0,0,0,0,0,0,0,0
-0.4600713625172927,1,0,0,1,0,0,1,0,0,0
0.8503040362017565,1,0,1,0,0,0,0,1,0,0
0.67558731637255,1,1,0,1,1,0,1,0,0,1
-0.6347880823464992,1,1,1,1,1,1,1,1,1,1
0.8503040362017565,1,0,0,0,0,1,0,0,1,0
-0.28535464268808614,1,0,0,0,0,1,1,0,0,0
0.8503040362017565,1,0,1,1,1,1,0,1,1,1
-1.158938241834119,0,1,1,0,0,0,0,1,0,1
-1.5957300414071354,1,0,0,0,0,0,0,0,0,0
0.5882289564579467,0,1,1,1,0,1,0,0,0,1
-0.896863162090309,0,1,1,1,1,1,0,1,0,1
0.5008705965433434,1,1,1,1,1,0,0,1,0,1
-0.6347880823464992,1,1,1,1,1,1,1,1,1,1
-0.8095048021757058,0,1,1,1,1,1,0,0,0,1
-0.11063792285887958,1,0,0,0,0,0,0,0,1,0
0.4135122366287401,1,1,0,1,0,0,0,0,0,1
0.8503040362017565,1,1,1,0,1,1,0,0,0,1
-0.28535464268808614,0,0,0,0,0,1,0,1,0,1
0.7629456762871533,1,1,1,1,1,1,0,1,0,1
-1.0715798819195157,1,0,0,0,0,0,0,0,0,0
-1.158938241834119,1,0,0,0,1,0,0,0,0,0
-1.158938241834119,0,1,1,0,1,0,0,1,0,1
0.15143715688493026,1,1,1,1,1,1,0,0,0,1
1.8986043551769958,1,1,0,0,0,1,0,1,0,0
-0.5474297224318959,1,1,1,0,1,0,1,0,0,1
-1.770446761236342,0,0,0,0,0,0,0,1,0,1
-0.9842215220049123,1,0,0,0,0,0,0,0,0,0
-1.158938241834119,0,1,1,1,1,1,0,1,0,1
1.374454195689376,1,0,0,0,1,1,0,1,0,0
-0.5474297224318959,1,0,0,0,0,0,0,0,0,0
2.0733210750062026,1,0,0,0,0,1,0,1,0,0
-1.5957300414071354,1,0,0,0,0,0,0,0,0,0
-0.11063792285887958,0,0,0,1,1,1,0,0,0,1
-0.8095048021757058,1,1,0,1,0,0,1,0,0,1
0.15143715688493026,0,0,1,0,1,1,0,1,0,1
0.4135122366287401,1,0,0,0,1,1,0,1,0,0
1.1997374758601695,1,1,1,0,1,1,0,1,0,1
-0.0232795629442763,0,1,1,0,1,0,0,1,0,1
-1.2462966017487223,0,0,0,0,0,0,0,0,0,0
-0.0232795629442763,1,1,1,1,0,1,1,0,0,1
1.4618125556039794,0,1,1,0,1,0,0,1,0,1
-0.8095048021757058,1,1,0,1,0,0,1,0,0,1
1.8986043551769958,1,0,0,0,1,0,0,1,0,0
0.5882289564579467,1,0,0,0,1,1,0,1,1,0
-0.8095048021757058,0,1,1,0,0,1,1,1,0,1
-0.7221464422611025,1,0,1,0,1,0,0,0,1,1
-1.2462966017487223,1,0,0,0,0,0,0,0,0,0
-1.770446761236342,1,0,0,1,0,0,0,0,0,0
1.636529275433186,1,1,0,0,1,1,0,1,1,0
1.8112459952623925,0,1,0,1,1,1,1,1,0,1
1.1123791159455663,0,1,0,0,0,1,0,0,0,1
0.23879551679953354,1,1,1,1,1,0,1,0,0,1
0.4135122366287401,1,0,0,0,1,0,0,1,0,0
0.7629456762871533,1,1,1,1,1,1,0,1,0,1
-2.0325218409801518,1,1,1,0,0,1,1,1,0,1
-1.770446761236342,0,0,0,0,0,0,0,1,0,1
0.5882289564579467,0,1,1,1,0,1,0,0,0,1
-0.11063792285887958,0,0,0,1,1,1,0,0,0,1
-0.0232795629442763,0,1,1,1,1,1,0,1,0,1
-0.0232795629442763,0,1,1,1,1,1,0,0,0,1
-1.5957300414071354,1,0,0,0,1,0,0,0,0,0
0.4135122366287401,1,0,0,0,1,1,0,1,0,0
